Metric,Cumulative Effect,Effect (%),Avg Daily Effect,P-Value,Significant
revenue_usd,42137.64,0,554.4426315789474,9.499732657453336e-20,✅
conversion,303.0,0,3.986842105263158,1.3731398862471216e-19,✅
clicks,5723.0,0,75.30263157894737,3.325190670638191e-25,✅
impressions,208789.0,0,2747.2236842105262,1.0070379915847454e-25,✅
n_users,2316.0,0,30.473684210526315,1.098121624682727e-25,✅
